code,name,low_200,high_200,ma5_ref,ma20_ref,last_update
1101,台泥,20.4,35.25,21.12,21.4625,2025-11-27
1102,亞泥,35.45,47.25,37.839999999999996,36.93999999999999,2025-11-27
1103,嘉泥,12.85,17.4,13.65,13.337499999999997,2025-11-27
1104,環泥,25.9,32.75,31.109999999999996,30.784999999999997,2025-11-27
1108,幸福,12.75,15.55,14.99,14.962499999999997,2025-11-27
1109,信大,15.35,18.05,15.5,15.51,2025-11-27
1110,東泥,16.15,20.95,16.58,16.5925,2025-11-27
1201,味全,14.8,18.15,14.88,15.0,2025-11-27
1203,味王,34.9,42.0,39.730000000000004,39.565,2025-11-27
1210,大成,51.0,66.2,51.68000000000001,52.46,2025-11-27
1213,大飲,10.0,16.9,10.08,10.514999999999999,2025-11-27
1215,卜蜂,93.0,146.0,138.7,137.75,2025-11-27
1216,統一,74.5,87.0,74.96000000000001,76.10000000000001,2025-11-27
1217,愛之味,10.1,12.3,10.270000000000001,10.2375,2025-11-27
1218,泰山,17.95,22.65,18.09,18.235,2025-11-27
1219,福壽,12.85,16.55,13.579999999999998,13.600000000000003,2025-11-27
1220,台榮,12.35,17.45,12.430000000000001,12.694999999999999,2025-11-27
1227,佳格,30.1,38.0,30.589999999999996,30.822499999999998,2025-11-27
1229,聯華,41.65,53.3,47.730000000000004,47.957499999999996,2025-11-27
1231,聯華食,93.2,178.0,97.47999999999999,101.46000000000001,2025-11-27
1232,大統益,143.0,165.0,144.3,144.05,2025-11-27
1233,天仁,29.95,36.1,31.139999999999997,30.8825,2025-11-27
1234,黑松,36.8,42.35,37.7,37.3375,2025-11-27
1235,興泰,46.55,108.0,47.94,49.1,2025-11-27
1236,宏亞,20.25,27.45,24.589999999999996,25.300000000000004,2025-11-27
1256,鮮活果汁-KY,103.0,182.0,135.4,143.625,2025-11-27
1301,台塑,31.65,43.1,40.04,39.787499999999994,2025-11-27
1303,南亞,26.65,57.3,53.48,48.705,2025-11-27
1304,台聚,8.9,12.8,10.25,10.5125,2025-11-27
1305,華夏,9.41,13.95,10.55,11.05,2025-11-27
1307,三芳,29.4,53.8,33.42999999999999,32.43749999999999,2025-11-27
1308,亞聚,10.85,15.25,12.35,12.5675,2025-11-27
1309,台達化,9.96,15.5,10.64,10.8,2025-11-27
1310,台苯,7.42,10.75,8.464000000000002,8.636000000000001,2025-11-27
1312,國喬,8.37,12.7,10.34,10.4075,2025-11-27
1313,聯成,7.27,11.05,9.569999999999999,10.023500000000002,2025-11-27
1314,中石化,6.07,9.75,8.186,8.4155,2025-11-27
1315,達新,63.8,70.3,64.75999999999999,64.405,2025-11-27
1316,上曜,12.8,19.45,14.5,14.965,2025-11-27
1319,東陽,90.9,141.0,96.7,97.515,2025-11-27
1321,大洋,31.9,38.1,35.9,35.8925,2025-11-27
1323,永裕,18.15,25.1,19.610000000000003,19.630000000000003,2025-11-27
1324,地球,10.45,12.95,10.51,10.6325,2025-11-27
1325,恆大,20.55,41.5,31.830000000000002,30.945000000000004,2025-11-27
1326,台化,22.15,35.6,31.880000000000003,31.095000000000006,2025-11-27
1338,廣華-KY,20.0,30.65,20.46,20.754999999999995,2025-11-27
1339,昭輝,41.0,59.6,45.06,44.43999999999999,2025-11-27
1340,勝悅-KY,5.49,9.3,7.228,6.785500000000001,2025-11-27
1341,富林-KY,55.5,74.7,58.620000000000005,59.125,2025-11-27
1342,八貫,77.5,113.0,84.44,83.785,2025-11-27
1402,遠東新,26.5,35.3,28.060000000000002,27.4275,2025-11-27
1409,新纖,11.0,17.8,15.52,14.650000000000002,2025-11-27
1410,南染,30.5,40.05,34.510000000000005,34.4175,2025-11-27
1413,宏洲,9.99,12.5,10.07,10.1065,2025-11-27
1414,東和,14.95,25.6,17.090000000000003,17.43,2025-11-27
1418,東華,19.95,27.35,20.14,20.250000000000004,2025-11-27
1419,新紡,38.2,81.7,70.1,62.58999999999999,2025-11-27
1423,利華,32.1,39.65,38.82,38.612500000000004,2025-11-27
1432,大魯閣,14.3,22.3,17.69,17.445,2025-11-27
1434,福懋,14.6,19.75,15.719999999999999,15.489999999999998,2025-11-27
1436,華友聯,60.4,143.5,61.48,62.56500000000001,2025-11-27
1437,勤益控,28.8,35.25,32.129999999999995,31.445000000000004,2025-11-27
1438,三地開發,32.95,56.1,33.6,34.775,2025-11-27
1439,雋揚,26.7,33.4,26.98,27.28,2025-11-27
1440,南紡,10.55,14.95,13.76,13.55,2025-11-27
1441,大東,10.7,14.7,10.809999999999999,10.829999999999998,2025-11-27
1442,名軒,30.8,86.7,31.82,33.2225,2025-11-27
1443,立益物流,26.65,32.25,27.339999999999996,27.525,2025-11-27
1444,力麗,5.99,8.73,6.034000000000001,6.259499999999999,2025-11-27
1445,大宇,11.5,17.55,13.969999999999999,14.1925,2025-11-27
1446,宏和,17.5,45.5,17.7,18.16,2025-11-27
1447,力鵬,5.29,7.36,5.321999999999999,5.4095,2025-11-27
1449,佳和,9.91,19.3,10.112,10.463000000000001,2025-11-27
1451,年興,16.3,22.5,17.29,17.110000000000003,2025-11-27
1452,宏益,11.15,15.3,11.67,11.6325,2025-11-27
1453,大將,12.05,18.1,12.17,12.3675,2025-11-27
1454,台富,12.95,17.35,13.069999999999999,13.135,2025-11-27
1455,集盛,7.65,10.4,7.739999999999999,7.848000000000001,2025-11-27
1456,怡華,11.0,17.2,12.51,12.3825,2025-11-27
1457,宜進,16.05,20.85,16.1,16.23,2025-11-27
1459,聯發,9.22,13.8,11.860000000000001,11.895,2025-11-27
1460,宏遠,5.51,7.81,5.678000000000001,5.630999999999999,2025-11-27
1463,強盛,16.95,31.1,18.77,17.939999999999998,2025-11-27
1464,得力,10.7,19.35,10.92,10.870000000000001,2025-11-27
1465,偉全,12.55,14.85,12.839999999999998,12.895,2025-11-27
1466,聚隆,12.45,19.2,14.580000000000002,14.977499999999997,2025-11-27
1467,南緯,6.96,10.65,6.981999999999999,7.059499999999998,2025-11-27
1468,昶和,11.3,14.7,11.41,11.457500000000003,2025-11-27
1471,首利,8.38,13.45,8.575999999999999,8.835,2025-11-27
1472,三洋實業,70.8,109.0,91.22000000000001,91.09,2025-11-27
1473,台南,24.1,38.25,24.37,25.660000000000004,2025-11-27
1474,弘裕,10.8,14.3,11.74,11.48,2025-11-27
1475,業旺,32.1,60.0,37.21,37.09000000000001,2025-11-27
1476,儒鴻,320.5,564.0,425.6,425.8,2025-11-27
1477,聚陽,226.5,389.5,306.1,291.95,2025-11-27
1503,士電,113.5,206.0,164.2,176.35,2025-11-27
1504,東元,44.55,119.5,91.34,103.06999999999998,2025-11-27
1506,正道,10.8,14.5,11.660000000000002,12.005,2025-11-27
1512,瑞利,5.66,9.98,7.715999999999999,7.768499999999999,2025-11-27
1513,中興電,106.5,171.5,150.6,149.25,2025-11-27
1514,亞力,77.4,118.5,96.16,102.49499999999998,2025-11-27
1515,力山,23.7,37.0,27.47,27.7875,2025-11-27
1516,川飛,13.9,22.2,19.380000000000003,17.51,2025-11-27
1517,利奇,9.86,14.65,11.27,11.624999999999998,2025-11-27
1519,華城,321.5,786.0,701.8,734.15,2025-11-27
1521,大億,21.4,29.65,24.31,24.620000000000005,2025-11-27
1522,堤維西,38.85,66.7,47.910000000000004,47.37749999999999,2025-11-27
1524,耿鼎,27.5,44.8,29.439999999999998,30.817500000000003,2025-11-27
1525,江申,58.0,70.8,64.58,63.175,2025-11-27
1526,日馳,15.6,26.15,16.77,17.415,2025-11-27
1527,鑽全,31.25,44.15,32.85,32.8425,2025-11-27
1528,恩德,11.2,21.65,14.669999999999998,14.495000000000001,2025-11-27
1529,樂事綠能,18.2,29.75,18.85,19.855,2025-11-27
1531,高林股,10.65,14.5,11.579999999999998,11.594999999999999,2025-11-27
1532,勤美,23.3,33.15,26.99,26.202499999999997,2025-11-27
1533,車王電,25.6,41.25,31.49,32.64750000000001,2025-11-27
1535,中宇,48.85,62.3,54.339999999999996,54.504999999999995,2025-11-27
1536,和大,47.25,88.7,57.05999999999999,58.11499999999999,2025-11-27
1537,廣隆,121.0,157.5,123.3,122.425,2025-11-27
1539,巨庭,15.95,25.2,16.889999999999997,17.0225,2025-11-27
1540,喬福,20.8,40.65,21.360000000000003,22.1625,2025-11-27
1541,錩泰,20.25,32.45,23.47,24.332500000000003,2025-11-27
1558,伸興,89.0,113.5,98.12,95.74499999999999,2025-11-27
1560,中砂,165.0,363.0,308.6,308.125,2025-11-27
1563,巧新,40.5,69.9,40.910000000000004,43.4175,2025-11-27
1568,倉佑,19.95,28.7,21.31,21.759999999999998,2025-11-27
1582,信錦,64.7,106.5,66.42,67.36499999999998,2025-11-27
1583,程泰,41.8,65.5,44.7,44.982499999999995,2025-11-27
1587,吉茂,22.65,44.15,42.760000000000005,41.627500000000005,2025-11-27
1589,永冠-KY,16.85,41.25,17.25,18.154999999999998,2025-11-27
1590,亞德客-KY,675.0,983.0,893.8,932.6,2025-11-27
1597,直得,61.2,113.5,71.4,73.43500000000002,2025-11-27
1598,岱宇,19.85,33.5,21.859999999999996,22.565000000000005,2025-11-27
1603,華電,25.75,41.6,37.489999999999995,38.0175,2025-11-27
1604,聲寶,24.35,28.65,24.58,24.627499999999994,2025-11-27
1605,華新,17.8,34.45,28.99,30.082500000000003,2025-11-27
1608,華榮,18.95,40.2,34.459999999999994,35.8275,2025-11-27
1609,大亞,29.1,45.45,38.36,39.89,2025-11-27
1611,中電,11.1,16.55,12.23,12.327499999999999,2025-11-27
1612,宏泰,26.8,40.45,34.879999999999995,36.69499999999999,2025-11-27
1614,三洋電,33.75,40.6,34.14,34.2825,2025-11-27
1615,大山,45.4,61.0,47.7,47.2525,2025-11-27
1617,榮星,13.55,20.5,14.190000000000001,14.872499999999999,2025-11-27
1618,合機,31.4,52.6,41.019999999999996,42.802499999999995,2025-11-27
1626,艾美特-KY,10.85,14.2,12.26,12.337500000000002,2025-11-27
1702,南僑,37.1,51.4,37.5,38.537499999999994,2025-11-27
1707,葡萄王,122.0,151.0,127.9,126.475,2025-11-27
1708,東鹼,29.1,42.9,31.880000000000003,31.240000000000002,2025-11-27
1709,和益,16.05,21.95,16.56,16.654999999999998,2025-11-27
1710,東聯,11.15,17.35,11.799999999999999,12.0075,2025-11-27
1711,永光,14.25,22.0,17.68,18.3625,2025-11-27
1712,興農,37.9,47.95,42.400000000000006,42.4825,2025-11-27
1713,國化,42.95,58.4,43.25,44.4825,2025-11-27
1714,和桐,7.37,8.73,8.148,8.2645,2025-11-27
1717,長興,23.8,46.0,39.02,39.532500000000006,2025-11-27
1720,生達,51.5,63.8,63.260000000000005,59.81,2025-11-27
1721,三晃,9.9,16.1,10.93,11.345,2025-11-27
1722,台肥,45.7,58.5,47.17,47.652499999999996,2025-11-27
1723,中碳,72.8,100.5,75.02000000000001,78.97,2025-11-27
1725,元禎,23.85,39.15,25.97,26.080000000000002,2025-11-27
1726,永記,70.6,79.2,75.8,75.345,2025-11-27
1727,中華化,19.65,44.25,40.12,37.370000000000005,2025-11-27
1730,花仙子,50.3,57.5,52.720000000000006,52.61,2025-11-27
1731,美吾華,20.2,24.25,21.830000000000002,21.890000000000004,2025-11-27
1732,毛寶,20.1,32.3,28.73,28.535000000000004,2025-11-27
1733,五鼎,26.5,37.5,30.390000000000004,31.494999999999997,2025-11-27
1734,杏輝,28.1,33.55,30.73,31.237499999999994,2025-11-27
1735,日勝化,13.8,20.9,14.48,14.625,2025-11-27
1736,喬山,139.0,217.0,157.1,153.9,2025-11-27
1737,臺鹽,29.7,33.45,31.78,31.7875,2025-11-27
1760,寶齡富錦,56.0,89.1,65.49999999999999,65.36000000000001,2025-11-27
1762,中化生,23.75,36.1,24.53,24.912499999999998,2025-11-27
1773,勝一,112.5,161.0,134.8,139.375,2025-11-27
1776,展宇,14.9,20.4,14.959999999999999,15.084999999999999,2025-11-27
1783,和康生,36.1,53.7,42.339999999999996,42.690000000000005,2025-11-27
1786,科妍,74.4,128.0,79.24000000000001,81.61500000000001,2025-11-27
1789,神隆,16.35,23.35,17.23,17.325000000000003,2025-11-27
1795,美時,176.0,315.5,295.1,288.0,2025-11-27
1802,台玻,12.2,37.4,32.71,31.3425,2025-11-27
1805,寶徠,10.05,17.05,12.06,11.605,2025-11-27
1806,冠軍,8.72,11.9,8.896,8.976500000000003,2025-11-27
1808,潤隆,28.1,39.85,34.19,36.06750000000001,2025-11-27
1809,中釉,13.1,21.95,17.52,18.15,2025-11-27
1810,和成,13.9,24.2,17.130000000000003,17.42,2025-11-27
1817,凱撒衛,37.55,50.0,38.45,38.6225,2025-11-27
1903,士紙,43.0,72.6,56.120000000000005,54.875,2025-11-27
1904,正隆,15.5,20.8,18.119999999999997,17.8,2025-11-27
1905,華紙,11.2,17.3,11.8,12.14,2025-11-27
1906,寶隆,10.5,14.2,12.09,12.177500000000002,2025-11-27
1907,永豐餘,22.65,30.5,27.24,26.3425,2025-11-27
1909,榮成,8.28,11.85,10.2,9.8425,2025-11-27
2002,中鋼,17.65,24.7,17.880000000000003,18.085,2025-11-27
2007,燁興,6.96,11.45,7.090000000000001,7.143000000000001,2025-11-27
2008,高興昌,22.0,29.8,28.410000000000004,27.852500000000003,2025-11-27
2009,第一銅,29.9,46.95,38.45,40.0625,2025-11-27
2010,春源,17.0,22.1,20.02,19.785000000000004,2025-11-27
2012,春雨,15.0,26.9,15.16,15.425000000000002,2025-11-27
2013,中鋼構,39.8,54.6,40.67,40.7675,2025-11-27
2014,中鴻,13.8,25.25,14.49,14.5475,2025-11-27
2015,豐興,55.3,76.4,62.32000000000001,62.904999999999994,2025-11-27
2017,官田鋼,8.34,12.85,8.459999999999999,8.6775,2025-11-27
2020,美亞,21.9,31.75,22.839999999999996,23.159999999999993,2025-11-27
2022,聚亨,6.95,10.7,7.984,7.889999999999999,2025-11-27
2023,燁輝,13.75,17.3,14.77,14.757499999999999,2025-11-27
2024,志聯,16.0,20.4,16.39,16.490000000000002,2025-11-27
2025,千興,9.01,19.45,9.092,9.318,2025-11-27
2027,大成鋼,32.85,53.0,36.63000000000001,36.83500000000001,2025-11-27
2028,威致,15.1,24.55,15.569999999999999,15.604999999999999,2025-11-27
2029,盛餘,20.05,27.75,20.369999999999997,20.657500000000002,2025-11-27
2030,彰源,13.6,19.0,13.809999999999999,13.9025,2025-11-27
2031,新光鋼,36.1,54.1,37.47,38.075,2025-11-27
2032,新鋼,13.5,21.7,13.930000000000001,13.947500000000002,2025-11-27
2033,佳大,15.1,23.4,15.569999999999999,15.614999999999998,2025-11-27
2034,允強,18.65,27.55,19.75,19.32,2025-11-27
2038,海光,13.0,20.35,13.3,13.832500000000001,2025-11-27
2049,上銀,179.0,363.5,184.6,202.375,2025-11-27
2059,川湖,1205.0,4310.0,3504.0,3859.25,2025-11-27
2062,橋椿,19.25,33.45,19.8,20.4425,2025-11-27
2069,運錩,13.7,19.55,15.8,15.515,2025-11-27
2101,南港,29.8,48.55,37.35,36.614999999999995,2025-11-27
2102,泰豐,15.2,22.0,19.830000000000002,19.6875,2025-11-27
2103,台橡,13.6,21.9,14.15,14.5525,2025-11-27
2104,國際中橡,9.39,13.25,9.524000000000001,9.947499999999998,2025-11-27
2105,正新,31.35,52.6,32.27,32.01749999999999,2025-11-27
2106,建大,19.85,28.65,20.389999999999997,20.419999999999995,2025-11-27
2107,厚生,23.35,26.7,23.729999999999997,23.6625,2025-11-27
2108,南帝,21.45,34.2,22.45,22.2725,2025-11-27
2115,六暉-KY,25.0,31.0,25.169999999999998,25.8125,2025-11-27
2201,裕隆,31.35,51.3,36.41,35.315,2025-11-27
2204,中華,52.4,83.1,60.36,58.86,2025-11-27
2206,三陽工業,60.3,72.4,61.620000000000005,61.269999999999996,2025-11-27
2207,和泰車,537.0,650.0,610.6,589.1,2025-11-27
2208,台船,14.95,29.4,20.410000000000004,19.840000000000003,2025-11-27
2211,長榮鋼,73.2,121.0,116.7,111.425,2025-11-27
2227,裕日車,51.9,82.0,56.36,54.55,2025-11-27
2228,劍麟,69.1,124.5,92.28,92.89999999999999,2025-11-27
2231,為升,67.4,147.5,99.34,100.345,2025-11-27
2233,宇隆,132.5,267.5,193.6,199.425,2025-11-27
2236,百達-KY,72.1,138.0,90.5,88.85999999999997,2025-11-27
2239,英利-KY,26.9,39.1,30.890000000000004,29.512499999999996,2025-11-27
2241,艾姆勒,21.15,38.3,35.61,36.045,2025-11-27
2243,宏旭-KY,9.99,18.0,10.82,11.440000000000001,2025-11-27
2247,汎德永業,270.0,348.0,289.0,288.675,2025-11-27
2250,IKKA-KY,71.2,153.0,73.36,78.62000000000002,2025-11-27
2301,光寶科,71.6,195.0,156.3,164.85,2025-11-27
2302,麗正,14.9,23.85,18.47,18.725,2025-11-27
2303,聯電,39.9,49.55,45.35,45.417500000000004,2025-11-27
2305,全友,9.05,15.2,10.41,10.52,2025-11-27
2308,台達電,280.5,1075.0,919.4,948.95,2025-11-27
2312,金寶,16.3,26.85,21.78,22.182499999999997,2025-11-27
2313,華通,44.15,90.2,78.92,82.375,2025-11-27
2314,台揚,7.18,35.75,22.26,21.935000000000002,2025-11-27
2316,楠梓電,30.3,114.0,94.96000000000001,96.385,2025-11-27
2317,鴻海,112.5,262.0,225.5,240.825,2025-11-27
2323,中環,6.7,10.3,9.228000000000002,9.346500000000002,2025-11-27
2324,仁寶,23.7,39.65,29.160000000000004,30.762499999999996,2025-11-27
2327,國巨,134.5,598.0,230.5,234.95,2025-11-27
2328,廣宇,32.5,62.0,46.489999999999995,50.445,2025-11-27
2329,華泰,25.95,52.9,47.24999999999999,49.010000000000005,2025-11-27
2330,台積電,785.0,1510.0,1414.0,1451.25,2025-11-27
2331,精英,13.2,22.95,20.1,20.244999999999997,2025-11-27
2332,友訊,14.6,24.7,15.14,15.780000000000005,2025-11-27
2337,旺宏,17.05,40.65,34.65,35.464999999999996,2025-11-27
2338,光罩,27.1,49.05,34.040000000000006,35.677499999999995,2025-11-27
2340,台亞,17.8,32.55,23.63,24.415,2025-11-27
2342,茂矽,20.25,38.3,28.5,31.332499999999992,2025-11-27
2344,華邦電,13.7,66.2,55.18000000000001,58.64999999999999,2025-11-27
2345,智邦,435.0,1150.0,952.0,997.3,2025-11-27
2347,聯強,55.5,76.2,60.86,58.75,2025-11-27
2351,順德,61.7,100.5,79.64,83.99499999999998,2025-11-27
2352,佳世達,21.55,37.1,27.2,28.767500000000002,2025-11-27
2353,宏碁,27.05,40.5,27.630000000000003,29.087499999999995,2025-11-27
2354,鴻準,47.8,78.9,64.22,67.72,2025-11-27
2356,英業達,33.9,48.95,41.6,42.832499999999996,2025-11-27
2357,華碩,441.0,745.0,586.6,636.0,2025-11-27
2359,所羅門,106.0,166.5,123.6,126.1,2025-11-27
2360,致茂,224.5,829.0,804.2,783.55,2025-11-27
2362,藍天,35.05,55.7,40.440000000000005,40.5975,2025-11-27
2363,矽統,39.3,68.5,47.54,50.885000000000005,2025-11-27
2364,倫飛,59.1,118.0,68.38,69.24,2025-11-27
2365,昆盈,27.4,50.6,33.220000000000006,35.295,2025-11-27
2367,燿華,19.8,33.25,23.52,24.872500000000002,2025-11-27
2368,金像電,142.5,610.0,573.6,517.3,2025-11-27
2369,菱生,11.35,23.2,19.73,21.062499999999996,2025-11-27
2371,大同,31.5,45.25,32.36,33.56999999999999,2025-11-27
2373,震旦行,56.2,66.2,57.2,57.080000000000005,2025-11-27
2374,佳能,37.6,107.0,78.14,82.20499999999998,2025-11-27
2375,凱美,45.3,103.0,93.54,92.185,2025-11-27
2376,技嘉,181.0,311.5,243.9,262.3,2025-11-27
2377,微星,101.0,201.0,104.4,106.525,2025-11-27
2379,瑞昱,440.0,585.0,506.9,502.975,2025-11-27
2380,虹光,2.89,6.82,4.614,5.225999999999999,2025-11-27
2382,廣達,178.5,309.5,274.1,284.0,2025-11-27
2383,台光電,407.0,1470.0,1396.0,1383.25,2025-11-27
2385,群光,116.5,176.0,118.0,124.475,2025-11-27
2387,精元,38.8,73.4,39.4,40.224999999999994,2025-11-27
2388,威盛,48.4,98.2,49.720000000000006,50.32749999999999,2025-11-27
2390,云辰,8.31,12.7,9.178,9.459000000000001,2025-11-27
2392,正崴,37.4,71.2,38.15,43.86,2025-11-27
2393,億光,50.5,88.7,50.98,54.870000000000005,2025-11-27
2395,研華,276.5,418.0,284.6,297.15,2025-11-27
2397,友通,53.3,83.7,61.3,63.079999999999984,2025-11-27
2399,映泰,15.65,27.05,21.389999999999997,22.325000000000006,2025-11-27
2401,凌陽,17.9,30.45,19.6,20.465,2025-11-27
2402,毅嘉,28.65,61.5,46.96,48.714999999999996,2025-11-27
2404,漢唐,409.0,1230.0,778.0,798.4,2025-11-27
2405,輔信,14.1,22.75,16.73,17.662499999999998,2025-11-27
2406,國碩,9.45,26.4,20.110000000000003,19.5675,2025-11-27
2408,南亞科,27.6,166.5,143.7,149.25,2025-11-27
2409,友達,10.6,15.4,11.030000000000001,11.607500000000002,2025-11-27
2412,中華電,124.0,138.0,131.5,131.6,2025-11-27
2413,環科,16.8,28.65,25.97,22.130000000000003,2025-11-27
2414,精技,34.65,47.3,40.88,41.1375,2025-11-27
2415,錩新,19.75,31.4,25.9,25.372499999999995,2025-11-27
2417,圓剛,31.5,55.5,35.660000000000004,36.795,2025-11-27
2419,仲琦,18.25,30.95,21.39,22.779999999999998,2025-11-27
2420,新巨,45.15,66.8,49.26,50.34,2025-11-27
2421,建準,66.5,189.5,174.4,169.925,2025-11-27
2423,固緯,39.5,59.0,52.14,52.48000000000002,2025-11-27
2424,隴華,33.5,106.0,35.5,40.655,2025-11-27
2425,承啟,25.25,39.55,27.71,28.640000000000004,2025-11-27
2426,鼎元,13.05,23.25,15.4,15.995000000000001,2025-11-27
2427,三商電,19.35,32.75,27.009999999999998,26.307500000000005,2025-11-27
2428,興勤,109.0,204.5,189.5,188.2,2025-11-27
2429,銘旺科,29.8,151.0,75.42,85.29499999999999,2025-11-27
2430,燦坤,23.4,33.05,23.559999999999995,24.047499999999996,2025-11-27
2431,聯昌,10.2,16.3,11.2,11.754999999999999,2025-11-27
2433,互盛電,47.55,51.8,47.83,48.0125,2025-11-27
2434,統懋,23.7,36.7,31.45,31.275,2025-11-27
2436,偉詮電,37.45,60.7,44.18,46.1525,2025-11-27
2438,翔耀,21.85,40.7,24.01,23.067500000000003,2025-11-27
2439,美律,92.3,126.5,104.2,107.45,2025-11-27
2440,太空梭,11.6,15.8,12.580000000000002,12.759999999999998,2025-11-27
2441,超豐,45.45,77.4,70.9,72.66,2025-11-27
2442,新美齊,19.35,30.0,23.62,24.044999999999995,2025-11-27
2444,兆勁,10.35,19.1,10.61,10.995000000000003,2025-11-27
2449,京元電子,71.8,224.0,207.3,210.925,2025-11-27
2450,神腦,28.25,34.55,28.860000000000003,28.994999999999997,2025-11-27
2451,創見,78.5,216.0,189.4,172.05,2025-11-27
2453,凌群,50.9,75.6,51.86,54.779999999999994,2025-11-27
2454,聯發科,1145.0,1560.0,1193.0,1242.5,2025-11-27
2455,全新,84.3,167.5,139.7,146.45,2025-11-27
2457,飛宏,19.8,35.9,28.669999999999998,29.7625,2025-11-27
2458,義隆,101.5,162.5,129.1,127.075,2025-11-27
2459,敦吉,55.0,70.8,66.28,65.84,2025-11-27
2460,建通,14.3,24.45,14.539999999999997,15.495,2025-11-27
2461,光群雷,13.5,21.0,15.089999999999998,15.392500000000002,2025-11-27
2462,良得電,18.25,27.45,21.369999999999997,22.3625,2025-11-27
2464,盟立,47.45,83.3,58.239999999999995,61.05500000000001,2025-11-27
2465,麗臺,41.75,80.8,52.660000000000004,59.145,2025-11-27
2466,冠西電,48.9,108.5,53.010000000000005,52.175,2025-11-27
2467,志聖,109.5,212.5,183.0,177.325,2025-11-27
2468,華經,33.35,81.0,42.71,43.235,2025-11-27
2471,資通,46.4,68.9,49.86,50.072500000000005,2025-11-27
2472,立隆電,61.3,115.0,106.0,103.71,2025-11-27
2474,可成,177.0,223.5,205.8,202.9,2025-11-27
2476,鉅祥,60.0,117.5,86.85999999999999,91.57,2025-11-27
2477,美隆電,18.2,29.95,23.19,23.404999999999998,2025-11-27
2478,大毅,35.1,67.6,63.239999999999995,62.79,2025-11-27
2480,敦陽科,119.5,181.5,147.4,152.375,2025-11-27
2481,強茂,38.65,98.7,82.8,81.865,2025-11-27
2482,連宇,15.8,25.5,16.779999999999998,17.5075,2025-11-27
2483,百容,14.6,22.45,19.25,19.7425,2025-11-27
2484,希華,17.2,26.85,19.979999999999997,20.8825,2025-11-27
2485,兆赫,9.9,19.55,18.419999999999998,16.4025,2025-11-27
2486,一詮,65.5,115.0,93.32000000000001,84.345,2025-11-27
2488,漢平,39.55,60.7,45.09,46.03249999999999,2025-11-27
2489,瑞軒,11.7,19.15,14.610000000000003,14.477500000000001,2025-11-27
2491,吉祥全,9.45,15.4,13.99,13.5575,2025-11-27
2492,華新科,66.5,138.0,118.6,120.05,2025-11-27
2493,揚博,69.9,172.0,90.52000000000001,90.60999999999999,2025-11-27
2495,普安,20.1,32.25,26.619999999999997,25.345,2025-11-27
2496,卓越,63.8,96.2,68.28,67.325,2025-11-27
2497,怡利電,38.05,62.7,41.529999999999994,42.0775,2025-11-27
2498,宏達電,31.75,74.5,48.32,49.459999999999994,2025-11-27
2501,國建,18.0,25.7,21.34,22.025,2025-11-27
2504,國產,33.7,46.6,35.28,35.739999999999995,2025-11-27
2505,國揚,16.7,22.5,18.85,18.849999999999998,2025-11-27
2506,太設,9.48,11.9,9.58,9.574000000000002,2025-11-27
2511,太子,7.94,10.6,8.172,8.6195,2025-11-27
2514,龍邦,14.4,22.65,14.569999999999999,14.552499999999998,2025-11-27
2515,中工,8.56,17.3,14.379999999999999,15.832500000000001,2025-11-27
2516,新建,14.0,25.5,14.14,14.557500000000001,2025-11-27
2520,冠德,31.95,59.3,32.559999999999995,32.87500000000001,2025-11-27
2524,京城,39.7,67.6,41.980000000000004,41.24,2025-11-27
2527,宏璟,22.05,37.6,26.190000000000005,25.762499999999996,2025-11-27
2528,皇普,26.75,49.35,29.2,30.267500000000002,2025-11-27
2530,華建,27.15,42.75,27.85,28.319999999999993,2025-11-27
2534,宏盛,20.0,26.95,20.23,20.720000000000006,2025-11-27
2535,達欣工,48.45,65.6,61.94,63.32500000000001,2025-11-27
2536,宏普,25.3,33.0,25.71,26.0,2025-11-27
2537,聯上發,9.72,15.2,10.41,10.68,2025-11-27
2538,基泰,10.45,15.45,10.979999999999999,10.787500000000001,2025-11-27
2539,櫻花建,43.6,69.2,44.46,46.629999999999995,2025-11-27
2540,愛山林,46.0,95.0,47.339999999999996,48.4125,2025-11-27
2542,興富發,36.15,46.75,37.190000000000005,37.980000000000004,2025-11-27
2543,皇昌,58.4,112.0,60.46,64.225,2025-11-27
2545,皇翔,37.85,76.8,38.5,39.68,2025-11-27
2546,根基,70.1,93.3,88.98,89.33,2025-11-27
2547,日勝生,10.45,14.55,10.58,10.727499999999997,2025-11-27
2548,華固,94.4,122.0,99.58,100.4,2025-11-27
2597,潤弘,147.0,193.5,165.6,163.025,2025-11-27
2601,益航,5.36,8.16,5.454,5.62,2025-11-27
2603,長榮,171.0,260.5,180.8,184.875,2025-11-27
2605,新興,18.35,28.2,24.209999999999997,23.7125,2025-11-27
2606,裕民,47.35,75.5,58.120000000000005,55.489999999999995,2025-11-27
2607,榮運,26.3,59.3,58.14,57.654999999999994,2025-11-27
2608,嘉里大榮,33.25,38.9,33.730000000000004,33.79749999999999,2025-11-27
2609,陽明,51.0,86.9,51.739999999999995,53.779999999999994,2025-11-27
2610,華航,18.3,25.1,19.169999999999998,19.5475,2025-11-27
2611,志信,14.45,23.65,14.7,14.934999999999999,2025-11-27
2612,中航,33.75,60.8,53.980000000000004,53.970000000000006,2025-11-27
2613,中櫃,21.9,34.05,24.05,24.717500000000005,2025-11-27
2614,東森,15.0,22.65,21.99,21.1625,2025-11-27
2615,萬海,61.1,126.5,80.44,81.81,2025-11-27
2616,山隆,13.55,18.5,13.59,13.917500000000004,2025-11-27
2617,台航,23.15,32.9,29.77,29.689999999999998,2025-11-27
2618,長榮航,33.15,45.25,33.75,35.0975,2025-11-27
2630,亞航,29.5,72.7,49.230000000000004,50.00750000000001,2025-11-27
2633,台灣高鐵,25.45,29.0,27.8,27.915,2025-11-27
2634,漢翔,40.05,67.2,49.660000000000004,50.76,2025-11-27
2636,台驊投控,57.9,84.5,65.88000000000001,67.475,2025-11-27
2637,慧洋-KY,51.1,86.5,65.03999999999999,63.69500000000001,2025-11-27
2642,宅配通,24.7,34.6,26.410000000000004,28.160000000000004,2025-11-27
2645,長榮航太,85.6,202.5,145.1,145.05,2025-11-27
2701,萬企,10.65,12.7,11.16,11.0925,2025-11-27
2702,華園,11.15,17.1,11.56,11.595,2025-11-27
2704,國賓,39.55,57.0,43.31,42.845000000000006,2025-11-27
2705,六福,15.0,19.15,16.51,16.750000000000004,2025-11-27
2706,第一店,12.45,14.95,13.030000000000001,13.042499999999999,2025-11-27
2707,晶華,189.0,216.5,190.7,191.225,2025-11-27
2712,遠雄來,17.8,25.55,18.79,19.0325,2025-11-27
2722,夏都,22.15,35.2,28.209999999999997,28.329999999999995,2025-11-27
2723,美食-KY,60.2,105.0,63.98,66.07,2025-11-27
2727,王品,197.0,256.0,214.8,216.2,2025-11-27
2731,雄獅,103.0,182.5,179.7,171.125,2025-11-27
2739,寒舍,34.0,53.7,35.55,36.4275,2025-11-27
2748,雲品,42.6,64.0,43.1,43.985,2025-11-27
2753,八方雲集,158.0,217.0,192.7,197.475,2025-11-27
2762,世界健身-KY,73.1,93.8,79.56000000000002,78.97999999999999,2025-11-27
2801,彰銀,16.4,20.6,20.109999999999996,20.1725,2025-11-27
2812,台中銀,17.75,23.85,21.060000000000002,21.3575,2025-11-27
2816,旺旺保,25.15,34.2,29.95,28.2175,2025-11-27
2820,華票,14.25,17.1,16.589999999999996,16.6075,2025-11-27
2832,台產,28.7,54.1,52.919999999999995,48.404999999999994,2025-11-27
2834,臺企銀,12.95,16.6,15.64,15.577499999999997,2025-11-27
2836,高雄銀,10.25,12.6,12.05,12.102500000000001,2025-11-27
2838,聯邦銀,15.3,20.25,19.29,18.9925,2025-11-27
2845,遠東銀,11.75,14.05,12.529999999999998,12.634999999999998,2025-11-27
2849,安泰銀,12.05,15.0,13.219999999999999,13.150000000000002,2025-11-27
2850,新產,94.1,120.5,116.9,115.475,2025-11-27
2851,中再保,22.1,28.9,26.18,25.549999999999997,2025-11-27
2852,第一保,24.6,30.8,27.77,27.037499999999994,2025-11-27
2855,統一證,18.6,28.4,24.26,24.230000000000004,2025-11-27
2867,三商壽,4.91,7.39,7.220000000000001,7.197499999999998,2025-11-27
2880,華南金,25.05,29.85,29.139999999999997,29.25,2025-11-27
2881,富邦金,72.1,94.3,91.22,91.355,2025-11-27
2882,國泰金,49.5,69.2,64.94,64.68999999999998,2025-11-27
2883,開發金,14.1,18.65,15.529999999999998,15.790000000000006,2025-11-27
2884,玉山金,25.9,35.3,30.330000000000002,30.072499999999998,2025-11-27
2885,元大金,27.3,37.2,35.8,35.175,2025-11-27
2886,兆豐金,35.55,43.0,39.870000000000005,40.099999999999994,2025-11-27
2887,台新金,14.2,19.8,18.509999999999998,18.812500000000004,2025-11-27
2889,國票金,11.75,17.25,16.11,15.895000000000001,2025-11-27
2890,永豐金,19.1,27.3,27.03,26.622499999999995,2025-11-27
2891,中信金,34.0,44.95,43.49999999999999,42.72749999999999,2025-11-27
2892,第一金,24.4,30.75,28.310000000000002,28.345000000000006,2025-11-27
2897,王道銀行,8.72,10.05,9.062,9.071000000000002,2025-11-27
2901,欣欣,23.95,27.7,24.67,24.750000000000007,2025-11-27
2903,遠百,20.75,25.75,24.040000000000003,22.639999999999993,2025-11-27
2904,匯僑,16.65,19.05,17.009999999999998,17.072499999999998,2025-11-27
2905,三商,10.8,16.5,15.169999999999998,14.639999999999997,2025-11-27
2906,高林,12.95,17.8,13.2,13.4175,2025-11-27
2908,特力,19.1,21.05,20.37,20.3125,2025-11-27
2910,統領,20.0,25.05,21.089999999999996,20.9825,2025-11-27
2911,麗嬰房,4.35,8.39,4.38,4.768499999999999,2025-11-27
2912,統一超,231.0,268.5,233.7,236.275,2025-11-27
2913,農林,13.2,19.8,13.459999999999999,13.8225,2025-11-27
2915,潤泰全,49.35,69.4,53.96,53.964999999999996,2025-11-27
2923,鼎固-KY,18.05,27.1,20.159999999999997,19.964999999999996,2025-11-27
2929,淘帝-KY,8.01,14.6,8.058,8.227500000000001,2025-11-27
2939,凱羿-KY,24.25,32.9,24.96,25.107499999999998,2025-11-27
2945,三商家購,34.65,41.35,37.81,37.980000000000004,2025-11-27
3002,歐格,10.85,29.25,23.14,24.6,2025-11-27
3003,健和興,46.0,74.1,47.09000000000001,47.947500000000005,2025-11-27
3004,豐達科,73.6,161.0,104.1,106.6,2025-11-27
3005,神基,82.7,165.0,122.1,131.05,2025-11-27
3006,晶豪科,43.75,98.2,81.85999999999999,89.755,2025-11-27
3008,大立光,1800.0,2795.0,2153.0,2183.5,2025-11-27
3010,華立,79.6,119.0,105.3,99.51500000000001,2025-11-27
3011,今皓,11.05,19.45,12.51,13.064999999999998,2025-11-27
3013,晟銘電,76.5,152.0,122.4,126.3,2025-11-27
3014,聯陽,107.5,160.5,119.6,123.975,2025-11-27
3015,全漢,42.95,71.2,51.8,55.885000000000005,2025-11-27
3016,嘉晶,27.1,61.6,48.470000000000006,52.0625,2025-11-27
3017,奇鋐,340.5,1550.0,1304.0,1416.5,2025-11-27
3018,隆銘綠能,11.85,28.1,11.91,12.2625,2025-11-27
3019,亞光,109.5,209.5,134.8,140.6,2025-11-27
3021,鴻名,15.0,27.75,16.979999999999997,17.270000000000003,2025-11-27
3022,威強電,62.3,117.5,63.660000000000004,66.565,2025-11-27
3023,信邦,186.5,319.5,212.2,215.15,2025-11-27
3024,憶聲,9.99,18.7,10.207999999999998,10.847000000000001,2025-11-27
3025,星通,41.8,70.4,44.4,44.697500000000005,2025-11-27
3026,禾伸堂,71.7,119.5,106.6,108.1,2025-11-27
3027,盛達,22.5,40.15,22.89,23.447500000000005,2025-11-27
3028,增你強,28.15,40.95,35.56,35.915000000000006,2025-11-27
3029,零壹,102.0,154.0,113.5,113.5,2025-11-27
3030,德律,83.9,215.0,147.0,151.25,2025-11-27
3031,佰鴻,14.95,24.5,18.93,19.62,2025-11-27
3032,偉訓,53.5,119.5,84.38000000000001,92.04,2025-11-27
3033,威健,27.75,36.65,29.660000000000004,29.755000000000006,2025-11-27
3034,聯詠,380.5,561.0,392.1,391.4,2025-11-27
3035,智原,149.0,255.5,164.8,170.025,2025-11-27
3036,文曄,80.7,158.0,134.1,142.875,2025-11-27
3037,欣興,70.4,178.5,170.0,167.9,2025-11-27
3038,全台,18.45,29.15,20.27,20.547500000000007,2025-11-27
3040,遠見,36.45,74.6,53.98,57.23499999999999,2025-11-27
3041,揚智,20.7,36.7,24.79,26.817499999999995,2025-11-27
3042,晶技,75.4,103.0,81.97999999999999,84.565,2025-11-27
3043,科風,19.9,36.5,20.3,21.7875,2025-11-27
3044,健鼎,148.0,347.5,305.6,318.7,2025-11-27
3045,台灣大,105.5,119.0,107.9,109.025,2025-11-27
3046,建碁,36.2,55.0,47.04,47.87,2025-11-27
3047,訊舟,16.5,30.2,17.01,18.4225,2025-11-27
3048,益登,19.75,46.95,38.8,37.877500000000005,2025-11-27
3049,精金,5.83,9.2,6.6819999999999995,6.638,2025-11-27
3050,鈺德,10.9,17.55,11.35,11.694999999999997,2025-11-27
3051,力特,17.9,32.9,18.3,19.314999999999998,2025-11-27
3052,夆典,10.0,14.25,11.290000000000001,11.2875,2025-11-27
3054,立萬利,18.75,25.2,23.04,23.415,2025-11-27
3055,蔚華科,41.0,81.3,58.88000000000001,58.625000000000014,2025-11-27
3056,富華新,18.0,40.8,18.24,19.040000000000003,2025-11-27
3057,喬鼎,7.94,16.9,13.84,13.745000000000001,2025-11-27
3058,立德,9.05,16.0,10.032000000000002,10.614999999999998,2025-11-27
3059,華晶科,28.45,63.0,42.489999999999995,44.107499999999995,2025-11-27
3060,銘異,19.15,30.25,27.320000000000004,26.104999999999997,2025-11-27
3062,建漢,18.15,33.8,23.490000000000002,25.332500000000003,2025-11-27
3092,鴻碩,13.1,30.0,14.9,14.732499999999998,2025-11-27
3094,聯傑,19.75,30.85,23.250000000000004,24.0825,2025-11-27
3130,一零四,206.0,240.5,225.8,225.6,2025-11-27
3138,耀登,68.6,121.0,84.74,88.735,2025-11-27
3149,正達,24.65,46.2,34.410000000000004,36.18499999999999,2025-11-27
3164,景岳,17.2,23.15,18.439999999999998,18.500000000000004,2025-11-27
3167,大量,59.4,226.5,197.9,197.65,2025-11-27
3168,眾福科,35.3,50.7,43.57,43.7175,2025-11-27
3189,景碩,61.2,151.0,135.2,135.225,2025-11-27
3209,全科,29.25,40.4,32.92999999999999,32.394999999999996,2025-11-27
3229,晟鈦,11.15,18.5,15.35,14.907500000000002,2025-11-27
3231,緯創,74.7,156.0,140.6,141.325,2025-11-27
3257,虹冠電,37.55,78.3,60.38000000000001,65.675,2025-11-27
3266,昇陽,13.3,18.7,13.45,13.502500000000001,2025-11-27
3296,勝德,17.55,28.9,19.68,20.819999999999997,2025-11-27
3305,昇貿,45.3,154.0,94.96000000000001,102.36,2025-11-27
3308,聯德,14.35,22.85,14.6,14.8275,2025-11-27
3311,閎暉,29.95,41.0,31.610000000000003,32.872499999999995,2025-11-27
3312,弘憶股,35.55,63.0,36.7,38.19499999999999,2025-11-27
3321,同泰,5.37,22.25,17.330000000000002,18.279999999999998,2025-11-27
3338,泰碩,39.65,69.0,47.55,50.035,2025-11-27
3346,麗清,18.1,35.65,18.490000000000002,19.494999999999997,2025-11-27
3356,奇偶,39.55,66.2,47.41,46.669999999999995,2025-11-27
3376,新日興,168.0,296.5,182.3,193.275,2025-11-27
3380,明泰,22.4,36.2,28.620000000000005,29.919999999999998,2025-11-27
3406,玉晶光,301.5,487.0,455.3,434.825,2025-11-27
3413,京鼎,211.5,371.0,291.4,320.6,2025-11-27
3416,融程電,117.0,203.0,145.7,152.575,2025-11-27
3419,譁裕,12.35,18.7,12.55,13.127500000000001,2025-11-27
3432,台端,11.4,17.3,13.919999999999998,14.2225,2025-11-27
3437,榮創,13.05,22.2,13.3,14.187500000000004,2025-11-27
3443,創意,853.0,2175.0,2028.0,1826.75,2025-11-27
3447,展達,42.55,82.4,50.96,54.25,2025-11-27
3450,聯鈞,171.0,338.5,226.4,247.55,2025-11-27
3454,晶睿,78.0,152.5,83.4,81.24000000000001,2025-11-27
3481,群創,11.0,16.45,12.439999999999998,13.052499999999998,2025-11-27
3494,誠研,7.75,20.05,8.191999999999998,9.3845,2025-11-27
3504,揚明光,39.65,74.9,48.59000000000001,51.205000000000005,2025-11-27
3515,華擎,139.5,337.5,245.9,282.15,2025-11-27
3518,柏騰,14.85,25.0,19.71,20.095000000000002,2025-11-27
3528,安馳,51.1,96.8,66.44000000000001,71.535,2025-11-27
3530,晶相光,50.6,88.9,58.05999999999999,59.235000000000014,2025-11-27
3533,嘉澤,1050.0,1880.0,1192.0,1279.5,2025-11-27
3535,晶彩科,27.45,84.0,70.75999999999999,73.25,2025-11-27
3543,州巧,14.7,49.6,43.220000000000006,46.08,2025-11-27
3545,敦泰,48.95,81.6,50.37,54.06000000000002,2025-11-27
3550,聯穎,11.0,17.45,12.7,13.1125,2025-11-27
3557,嘉威,34.65,70.0,35.2,37.21749999999999,2025-11-27
3563,牧德,341.5,638.0,454.0,479.6,2025-11-27
3576,聯合再生,6.0,10.55,6.302,6.5735,2025-11-27
3583,辛耘,204.5,426.5,308.8,325.775,2025-11-27
3588,通嘉,39.85,69.0,45.309999999999995,47.4075,2025-11-27
3591,艾笛森,16.8,26.6,17.74,17.9775,2025-11-27
3592,瑞鼎,206.5,399.5,209.6,225.4,2025-11-27
3593,力銘,6.61,10.0,7.272,7.208499999999999,2025-11-27
3596,智易,178.0,249.5,184.4,190.325,2025-11-27
3605,宏致,39.2,82.5,61.84000000000001,66.07000000000001,2025-11-27
3607,谷崧,12.0,18.3,13.2,12.8875,2025-11-27
3617,碩天,196.0,334.5,200.7,220.75,2025-11-27
3622,洋華,40.7,73.0,67.44000000000001,62.94500000000001,2025-11-27
3645,達邁,42.5,85.1,52.0,56.010000000000005,2025-11-27
3652,精聯,24.75,39.55,29.009999999999998,28.78,2025-11-27
3653,健策,756.0,2655.0,2607.0,2356.25,2025-11-27
3661,世芯-KY,1945.0,4305.0,3019.0,3375.0,2025-11-27
3665,貿聯-KY,177.0,1680.0,1578.0,1508.25,2025-11-27
3669,圓展,27.05,43.6,27.93,28.6025,2025-11-27
3673,TPK-KY,26.05,42.55,41.17,39.735,2025-11-27
3679,新至陞,111.5,164.0,114.1,118.225,2025-11-27
3686,達能,11.0,21.9,17.509999999999998,19.250000000000004,2025-11-27
3694,海華,37.75,104.0,63.86,68.52,2025-11-27
3701,大眾控,25.55,48.2,30.1,32.745,2025-11-27
3702,大聯大,52.5,74.4,64.92,62.845000000000006,2025-11-27
3703,欣陸,20.6,32.1,22.229999999999997,21.71,2025-11-27
3704,合勤控,26.0,42.25,34.46,35.1375,2025-11-27
3705,永信,51.9,68.8,55.85999999999999,55.69999999999999,2025-11-27
3706,神達,42.95,107.0,88.26,93.28999999999999,2025-11-27
3708,上緯投控,55.5,148.5,107.9,116.7,2025-11-27
3711,日月光投控,115.0,247.5,214.3,225.425,2025-11-27
3712,永崴投控,25.3,68.2,25.860000000000003,31.307499999999997,2025-11-27
3714,富采,29.5,51.2,31.409999999999997,33.015,2025-11-27
3715,定穎投控,35.0,130.5,116.0,107.69500000000001,2025-11-27
4104,佳醫,79.9,90.5,82.08000000000001,83.555,2025-11-27
4106,雃博,19.45,25.95,21.85,21.5025,2025-11-27
4108,懷特,11.0,17.3,14.080000000000002,14.107499999999998,2025-11-27
4119,旭富,47.0,88.2,48.3,51.955,2025-11-27
4133,亞諾法,21.9,33.9,22.740000000000002,23.507499999999997,2025-11-27
4137,麗豐-KY,97.6,128.0,98.66,99.92,2025-11-27
4142,國光生,16.0,25.05,19.360000000000003,19.317500000000003,2025-11-27
4148,全宇生技-KY,33.45,48.95,40.08,39.9075,2025-11-27
4155,訊映,13.95,22.2,14.85,14.637500000000003,2025-11-27
4164,承業醫,35.8,59.2,39.089999999999996,41.475,2025-11-27
4190,佐登-KY,30.4,47.7,30.51,31.3625,2025-11-27
4306,炎洲,12.95,18.45,13.270000000000001,13.209999999999997,2025-11-27
4414,如興,2.78,12.95,10.440000000000001,10.379000000000001,2025-11-27
4426,利勤,9.87,16.15,9.972,10.011000000000001,2025-11-27
4438,廣越,64.5,109.5,82.5,80.895,2025-11-27
4439,冠星-KY,77.6,108.0,107.2,96.015,2025-11-27
4440,宜新實業,16.25,25.95,17.98,18.555,2025-11-27
4526,東台,19.85,40.1,30.76,31.607499999999998,2025-11-27
4532,瑞智,22.3,31.65,23.440000000000005,23.085,2025-11-27
4536,拓凱,146.0,221.0,165.7,174.2,2025-11-27
4540,全球傳動,33.2,59.9,34.230000000000004,36.182500000000005,2025-11-27
4545,銘鈺,27.55,48.1,32.35,32.7875,2025-11-27
4551,智伸科,79.6,172.0,113.1,124.725,2025-11-27
4552,力達-KY,17.6,25.1,23.080000000000002,21.895000000000003,2025-11-27
4555,氣立,29.8,50.8,40.95,42.64,2025-11-27
4557,永新-KY,65.2,139.0,70.7,68.37,2025-11-27
4560,強信-KY,29.0,41.5,31.48,31.532500000000006,2025-11-27
4562,穎漢,34.95,62.8,35.82000000000001,37.93250000000001,2025-11-27
4564,元翎,14.5,24.1,16.339999999999996,16.615000000000002,2025-11-27
4566,時碩工業,49.6,82.9,52.98,53.34499999999999,2025-11-27
4569,六方科-KY,116.0,215.0,145.6,155.55,2025-11-27
4571,鈞興-KY,120.0,239.0,162.5,166.025,2025-11-27
4572,駐龍,141.0,192.0,147.2,147.2,2025-11-27
4576,大銀微系統,91.4,169.0,100.85999999999999,106.36999999999998,2025-11-27
4583,台灣精銳,535.0,895.0,621.6,636.2,2025-11-27
4588,玖鼎電力,57.9,87.9,60.0,62.83999999999999,2025-11-27
4720,德淵,13.45,20.4,13.76,13.904999999999998,2025-11-27
4722,國精化,43.85,214.5,153.5,164.425,2025-11-27
4736,泰博,116.5,152.0,123.6,123.325,2025-11-27
4737,華廣,47.45,80.0,59.2,61.785000000000004,2025-11-27
4739,康普,39.7,73.1,65.12,66.14,2025-11-27
4746,台耀,49.5,76.4,63.9,62.739999999999995,2025-11-27
4755,三福化,82.8,132.0,99.67999999999999,104.55,2025-11-27
4763,材料-KY,53.2,1150.0,54.42,57.40000000000002,2025-11-27
4764,雙鍵,33.3,80.5,55.0,63.825000000000024,2025-11-27
4766,南寶,282.0,438.5,321.9,342.05,2025-11-27
4770,上品,200.5,378.5,209.1,226.275,2025-11-27
4771,望隼,166.5,215.5,180.5,179.975,2025-11-27
4807,日成-KY,14.85,21.75,17.8,17.892499999999995,2025-11-27
4904,遠傳,80.7,95.5,90.96000000000001,92.54500000000002,2025-11-27
4906,正文,22.5,34.1,25.78,26.159999999999997,2025-11-27
4912,聯德控股-KY,75.7,140.0,80.35999999999999,80.51500000000001,2025-11-27
4915,致伸,60.8,89.9,83.06,84.85,2025-11-27
4916,事欣科,29.85,68.9,46.190000000000005,49.084999999999994,2025-11-27
4919,新唐,49.8,97.7,51.46,54.19999999999999,2025-11-27
4927,泰鼎-KY,19.85,44.65,20.71,21.362499999999997,2025-11-27
4930,燦星網,21.65,31.8,21.74,22.147499999999997,2025-11-27
4934,太極,8.39,17.15,12.040000000000001,13.287499999999998,2025-11-27
4935,茂林-KY,37.6,58.6,41.08,41.33,2025-11-27
4938,和碩,68.7,98.2,70.79999999999998,72.44,2025-11-27
4942,嘉彰,34.65,42.5,37.86,39.427499999999995,2025-11-27
4943,康控-KY,9.08,18.3,15.309999999999999,14.2,2025-11-27
4949,有成精密,21.9,61.1,37.85,37.015,2025-11-27
4952,凌通,34.4,54.8,34.910000000000004,36.817499999999995,2025-11-27
4956,光鋐,17.85,31.75,18.5,18.715000000000003,2025-11-27
4958,臻鼎-KY,85.8,196.5,140.2,149.425,2025-11-27
4960,誠美材,10.7,15.15,13.239999999999998,13.4,2025-11-27
4961,天鈺,137.5,236.0,138.9,143.1,2025-11-27
4967,十銓,61.8,149.0,128.7,136.95,2025-11-27
4968,立積,114.0,216.0,134.8,142.25,2025-11-27
4976,佳凌,23.0,57.5,30.93,31.889999999999997,2025-11-27
4977,眾達-KY,76.6,143.5,105.02000000000001,109.255,2025-11-27
4989,榮科,13.5,49.8,41.4,43.4875,2025-11-27
4994,傳奇,91.2,108.5,95.3,96.25,2025-11-27
4999,鑫禾,22.7,32.95,23.589999999999996,24.7375,2025-11-27
5007,三星,50.3,56.5,53.339999999999996,51.78500000000001,2025-11-27
5203,訊連,88.1,141.0,98.76,98.19499999999998,2025-11-27
5215,科嘉-KY,32.5,45.55,37.57,37.49250000000001,2025-11-27
5222,全訊,91.2,162.0,129.8,131.875,2025-11-27
5225,東科-KY,80.2,144.5,103.6,104.47,2025-11-27
5234,達興材料,126.0,426.5,318.8,348.475,2025-11-27
5243,乙盛-KY,37.7,87.5,83.88,81.14999999999999,2025-11-27
5244,弘凱,34.1,50.7,38.14,39.022499999999994,2025-11-27
5258,虹堡,58.4,97.3,64.44,66.60499999999999,2025-11-27
5269,祥碩,1165.0,2235.0,1211.0,1317.75,2025-11-27
5283,禾聯碩,58.2,105.0,59.879999999999995,61.19,2025-11-27
5284,jpp-KY,108.0,318.5,276.7,286.85,2025-11-27
5285,界霖,37.8,56.1,51.129999999999995,52.4575,2025-11-27
5288,豐祥-KY,109.5,201.0,134.6,130.525,2025-11-27
5292,華懋,123.5,172.0,143.7,145.025,2025-11-27
5306,桂盟,82.7,129.5,90.06,89.30999999999999,2025-11-27
5388,中磊,79.5,138.0,81.52,84.415,2025-11-27
5434,崇越,210.0,348.5,293.9,314.2,2025-11-27
5469,瀚宇博,38.75,107.0,93.64,92.96499999999999,2025-11-27
5471,松翰,29.6,42.7,33.230000000000004,34.19,2025-11-27
5484,慧友,31.35,58.9,34.54,36.70249999999999,2025-11-27
5515,建國,23.35,32.75,31.870000000000005,28.902500000000003,2025-11-27
5519,隆大,27.35,38.6,31.75,29.592499999999994,2025-11-27
5521,工信,10.05,15.0,14.35,14.1375,2025-11-27
5522,遠雄,53.2,81.0,58.220000000000006,55.605,2025-11-27
5525,順天,26.25,34.9,28.22,28.212500000000006,2025-11-27
5531,鄉林,8.81,11.3,9.064,9.139000000000003,2025-11-27
5533,皇鼎,14.3,20.05,14.469999999999999,14.625,2025-11-27
5534,長虹,73.7,109.5,76.02000000000001,76.22,2025-11-27
5538,東明-KY,28.25,35.95,29.110000000000003,28.78000000000001,2025-11-27
5546,永固-KY,22.5,31.1,23.17,23.835,2025-11-27
5607,遠雄港,29.5,53.0,47.51,48.559999999999995,2025-11-27
5608,四維航,13.65,22.05,17.32,17.1325,2025-11-27
5706,鳳凰,45.8,69.1,51.4,52.114999999999995,2025-11-27
5871,中租-KY,94.3,130.5,104.7,105.9,2025-11-27
5876,上海商銀,39.15,47.8,39.84,39.5475,2025-11-27
5880,合庫金,21.95,26.35,24.029999999999998,23.952500000000004,2025-11-27
5907,大洋-KY,5.45,10.9,5.51,5.6925,2025-11-27
6005,群益證,19.6,27.9,25.07,24.615000000000006,2025-11-27
6108,競國,12.65,17.35,12.85,13.467500000000001,2025-11-27
6112,邁達特,35.7,73.8,47.489999999999995,49.80500000000001,2025-11-27
6115,鎰勝,46.0,54.1,46.42999999999999,46.3575,2025-11-27
6116,彩晶,5.83,8.92,7.002,7.147499999999998,2025-11-27
6117,迎廣,63.1,118.5,77.75999999999999,78.92999999999999,2025-11-27
6120,達運,9.05,14.05,10.3,10.8475,2025-11-27
6128,上福,22.25,37.85,22.770000000000003,24.900000000000006,2025-11-27
6133,金橋,12.4,20.2,15.65,15.752500000000001,2025-11-27
6136,富爾特,21.2,27.45,23.440000000000005,23.560000000000002,2025-11-27
6139,亞翔,176.0,480.0,444.6,442.85,2025-11-27
6141,柏承,8.83,16.7,10.49,11.152500000000002,2025-11-27
6142,友勁,7.41,11.85,9.118,9.526,2025-11-27
6152,百一,7.7,13.2,8.236,8.744499999999999,2025-11-27
6153,嘉聯益,10.1,17.7,14.55,14.725,2025-11-27
6155,鈞寶,17.8,37.4,34.849999999999994,31.252499999999998,2025-11-27
6164,華興,8.9,13.4,9.604000000000001,9.711500000000001,2025-11-27
6165,浪凡,39.25,62.7,48.52,50.510000000000005,2025-11-27
6166,凌華,54.7,92.4,57.58,57.81999999999999,2025-11-27
6168,宏齊,13.65,24.55,18.68,19.504999999999995,2025-11-27
6176,瑞儀,117.0,200.0,118.5,125.475,2025-11-27
6177,達麗,38.15,53.6,45.36,46.657500000000006,2025-11-27
6183,關貿,81.5,110.0,96.04,95.575,2025-11-27
6184,大豐電,46.3,56.1,46.68000000000001,47.879999999999995,2025-11-27
6189,豐藝,42.75,80.6,43.92,45.3,2025-11-27
6191,精成科,48.7,146.5,117.0,117.025,2025-11-27
6192,巨路,88.0,114.5,100.76,100.05999999999999,2025-11-27
6196,帆宣,129.0,274.0,225.7,235.05,2025-11-27
6197,佳必琪,102.5,180.5,140.2,148.15,2025-11-27
6201,亞弘電,51.0,65.0,56.42,56.35000000000001,2025-11-27
6202,盛群,33.0,53.2,36.830000000000005,37.937500000000014,2025-11-27
6205,詮欣,37.0,76.2,37.970000000000006,39.455,2025-11-27
6206,飛捷,90.5,172.5,93.91999999999999,100.905,2025-11-27
6209,今國光,22.1,59.2,57.74000000000001,50.925000000000004,2025-11-27
6213,聯茂,48.15,137.0,103.72,109.46,2025-11-27
6214,精誠,99.7,144.5,120.4,124.225,2025-11-27
6215,和椿,60.2,156.5,100.88,108.48999999999998,2025-11-27
6216,居易,25.6,39.5,26.0,26.5125,2025-11-27
6224,聚鼎,37.7,60.3,41.470000000000006,44.05250000000001,2025-11-27
6225,天瀚,10.85,19.0,16.45,17.1325,2025-11-27
6226,光鼎,5.8,8.89,6.601999999999999,6.593999999999999,2025-11-27
6230,尼得科超眾,107.5,205.0,109.7,122.85,2025-11-27
6235,華孚,37.1,76.6,58.78000000000001,64.405,2025-11-27
6239,力成,99.0,182.0,153.5,164.8,2025-11-27
6243,迅杰,27.2,46.7,27.689999999999998,30.120000000000005,2025-11-27
6257,矽格,57.0,114.5,95.42,98.22,2025-11-27
6269,台郡,44.05,71.8,50.51,55.19500000000001,2025-11-27
6271,同欣電,83.9,133.0,121.5,123.975,2025-11-27
6277,宏正,58.0,77.3,61.67999999999999,60.790000000000006,2025-11-27
6278,台表科,81.9,120.0,99.47999999999999,102.82000000000001,2025-11-27
6281,全國電,62.6,81.5,63.32000000000001,65.275,2025-11-27
6282,康舒,22.15,46.85,38.39999999999999,40.40249999999999,2025-11-27
6283,淳安,20.0,31.6,25.52,25.385,2025-11-27
6285,啟碁,96.0,155.0,98.74,108.39500000000001,2025-11-27
6405,悅城,19.4,32.55,24.78,26.375,2025-11-27
6409,旭隼,913.0,1810.0,1053.4,1141.6,2025-11-27
6412,群電,85.0,132.0,90.52,89.92500000000003,2025-11-27
6414,樺漢,216.5,327.5,289.4,286.35,2025-11-27
6415,矽力*-KY,179.5,471.5,189.2,204.425,2025-11-27
6416,瑞祺電通,74.5,138.0,77.02000000000001,79.44500000000001,2025-11-27
6426,統新,50.4,86.5,66.5,71.00500000000002,2025-11-27
6431,光麗-KY,15.0,21.3,18.93,16.947499999999998,2025-11-27
6438,迅得,118.0,241.0,122.7,137.775,2025-11-27
6442,光聖,296.0,1315.0,1216.0,1021.5,2025-11-27
6443,元晶,11.95,21.25,12.389999999999997,13.2875,2025-11-27
6446,藥華藥,445.5,771.0,484.4,487.625,2025-11-27
6449,鈺邦,89.1,221.0,166.1,171.625,2025-11-27
6451,訊芯-KY,117.5,238.5,141.5,146.25,2025-11-27
6456,GIS-KY,35.7,68.0,41.760000000000005,45.24750000000001,2025-11-27
6464,台數科,75.1,81.6,77.9,77.265,2025-11-27
6472,保瑞,510.0,905.0,533.6,584.45,2025-11-27
6477,安集,23.95,45.7,34.470000000000006,35.995000000000005,2025-11-27
6491,晶碩,292.0,393.0,310.8,328.625,2025-11-27
6504,南六,41.8,66.9,43.2,43.2,2025-11-27
6505,台塑化,30.95,56.2,53.4,50.947500000000005,2025-11-27
6515,穎崴,704.0,2645.0,2459.0,2363.0,2025-11-27
6525,捷敏-KY,55.8,86.2,74.6,77.53,2025-11-27
6526,達發,423.0,709.0,440.4,464.7,2025-11-27
6531,愛普*,193.0,419.0,393.5,401.325,2025-11-27
6533,晶心科,240.0,458.0,270.5,263.425,2025-11-27
6541,泰福-KY,48.1,81.8,52.52,54.614999999999995,2025-11-27
6550,北極星藥業-KY,26.35,50.9,29.919999999999998,31.337500000000006,2025-11-27
6552,易華電,23.0,38.5,24.1,24.817500000000003,2025-11-27
6558,興能高,34.7,63.8,35.76,38.095,2025-11-27
6573,虹揚-KY,8.42,18.45,15.939999999999998,16.055,2025-11-27
6579,研揚,105.5,149.0,108.6,118.85,2025-11-27
6581,鋼聯,93.0,121.0,109.4,109.525,2025-11-27
6582,申豐,29.1,60.0,32.45,32.52,2025-11-27
6585,鼎基,86.4,191.5,88.2,92.69,2025-11-27
6591,動力-KY,38.9,100.5,76.75999999999999,78.33,2025-11-27
6592,和潤企業,60.3,83.4,62.839999999999996,61.80000000000001,2025-11-27
6598,ABC-KY,17.45,24.4,21.249999999999996,21.8425,2025-11-27
6605,帝寶,125.0,222.5,139.8,140.65,2025-11-27
6606,建德工業,23.25,30.85,24.98,24.967500000000005,2025-11-27
6641,基士德-KY,19.2,30.6,19.69,20.927500000000002,2025-11-27
6657,華安,41.1,81.5,44.55,43.400000000000006,2025-11-27
6658,聯策,46.4,90.3,47.46,51.3725,2025-11-27
6666,羅麗芬-KY,35.2,61.7,44.39,47.57000000000001,2025-11-27
6668,中揚光,31.35,54.4,37.34,38.755,2025-11-27
6669,緯穎,1570.0,4720.0,4205.0,4290.5,2025-11-27
6670,復盛應用,231.5,373.5,238.6,243.6,2025-11-27
6671,三能-KY,35.5,44.4,35.75,36.18,2025-11-27
6672,騰輝電子-KY,55.4,118.0,86.06,88.59,2025-11-27
6674,鋐寶科技,15.35,30.25,20.4,20.8875,2025-11-27
6689,伊雲谷,61.0,125.5,62.14,66.065,2025-11-27
6691,洋基工程,364.0,500.0,465.4,452.45,2025-11-27
6695,芯鼎,36.05,62.6,42.51,45.54,2025-11-27
6698,旭暉應材,23.8,39.7,29.920000000000005,31.557500000000005,2025-11-27
6706,惠特,58.5,111.5,80.34,77.5,2025-11-27
6715,嘉基,83.4,158.0,85.9,87.45000000000002,2025-11-27
6719,力智,142.0,238.0,197.9,193.675,2025-11-27
6742,澤米,40.1,80.3,41.82,44.239999999999995,2025-11-27
6743,安普新,27.95,46.15,29.359999999999996,29.175,2025-11-27
6753,龍德造船,89.3,203.5,118.3,118.775,2025-11-27
6754,匯僑設計,46.1,68.2,46.43000000000001,46.434999999999995,2025-11-27
6756,威鋒電子,73.0,136.5,74.66,79.02999999999999,2025-11-27
6768,志強-KY,91.4,166.0,113.8,114.575,2025-11-27
6770,力積電,11.95,36.5,33.09,32.91,2025-11-27
6776,展碁國際,43.55,61.6,50.96,51.470000000000006,2025-11-27
6781,AES-KY,639.0,1430.0,1274.0,1293.25,2025-11-27
6782,視陽,124.5,209.5,174.8,183.675,2025-11-27
6789,采鈺,166.5,334.0,235.5,241.575,2025-11-27
6790,永豐實,36.9,44.45,37.83,37.894999999999996,2025-11-27
6792,詠業,46.5,70.6,50.769999999999996,52.5225,2025-11-27
6796,晉弘,61.2,94.7,88.64000000000001,90.10999999999999,2025-11-27
6799,來頡,71.7,129.0,74.02,79.135,2025-11-27
6805,富世達,375.5,1560.0,1390.0,1444.5,2025-11-27
6806,森崴能源,38.05,121.5,39.01,49.175,2025-11-27
6807,峰源-KY,45.5,85.9,45.690000000000005,46.632499999999986,2025-11-27
6830,汎銓,98.6,180.0,151.2,156.325,2025-11-27
6834,天二科技,22.35,38.85,27.840000000000003,27.95,2025-11-27
6835,圓裕,33.3,54.1,38.980000000000004,38.755,2025-11-27
6861,睿生光電,41.35,69.8,56.919999999999995,57.705,2025-11-27
6863,永道-KY,106.0,287.0,110.3,121.75,2025-11-27
6901,鑽石投資,16.3,33.8,16.52,17.267500000000002,2025-11-27
6914,阜爾運通,119.5,155.0,147.2,149.95,2025-11-27
6916,華凌,16.0,31.65,17.07,17.5325,2025-11-27
6928,攸泰科技,40.85,76.8,48.949999999999996,51.33750000000001,2025-11-27
6933,AMAX-KY,115.5,246.0,157.9,182.25,2025-11-27
6937,天虹,162.0,324.0,211.1,229.075,2025-11-27
8011,台通,17.0,24.95,20.79,21.575000000000003,2025-11-27
8016,矽創,162.5,230.0,177.7,183.525,2025-11-27
8021,尖點,21.55,139.5,129.3,125.225,2025-11-27
8028,昇陽半導體,90.9,187.5,152.1,160.2,2025-11-27
8033,雷虎,48.9,188.0,124.4,123.95,2025-11-27
8039,台虹,33.1,69.5,63.46,64.98499999999999,2025-11-27
8046,南電,76.6,292.0,254.6,272.8,2025-11-27
8070,長華*,31.05,48.3,44.410000000000004,45.235,2025-11-27
8072,陞泰,24.7,53.0,30.619999999999997,31.5225,2025-11-27
8081,致新,180.0,253.0,202.7,217.35,2025-11-27
8101,華冠,13.3,21.4,16.060000000000002,16.7275,2025-11-27
8103,瀚荃,34.4,82.0,74.11999999999999,76.50000000000001,2025-11-27
8104,錸寶,27.0,45.0,29.160000000000004,31.034999999999997,2025-11-27
8105,凌巨,9.81,14.95,10.42,11.145,2025-11-27
8110,華東,10.15,42.1,33.879999999999995,32.029999999999994,2025-11-27
8112,至上,41.15,81.0,67.67999999999999,71.95000000000002,2025-11-27
8114,振樺電,177.5,338.0,186.1,195.35,2025-11-27
8131,福懋科,23.3,48.3,39.69,41.51250000000001,2025-11-27
8150,南茂,21.3,47.95,44.65,40.062499999999986,2025-11-27
8163,達方,30.3,46.25,30.659999999999997,33.822500000000005,2025-11-27
8201,無敵,9.86,19.05,14.290000000000001,14.532499999999999,2025-11-27
8210,勤誠,187.0,1070.0,908.2,961.65,2025-11-27
8213,志超,26.25,36.8,33.08,34.03000000000001,2025-11-27
8215,明基材,18.95,30.25,19.32,19.8475,2025-11-27
8222,寶一,37.55,66.8,42.07000000000001,42.78499999999999,2025-11-27
8249,菱光,37.7,64.2,50.58,51.717499999999994,2025-11-27
8261,富鼎,60.3,106.5,89.6,94.55999999999999,2025-11-27
8271,宇瞻,35.85,122.5,97.72,105.25999999999999,2025-11-27
8341,日友,69.2,89.9,79.72,82.21000000000001,2025-11-27
8367,建新國際,41.25,52.3,44.02,43.542500000000004,2025-11-27
8374,羅昇,69.3,127.5,77.02,81.89500000000001,2025-11-27
8404,百和興業-KY,18.75,30.3,24.86,24.837500000000002,2025-11-27
8411,福貞-KY,11.0,13.5,12.489999999999998,12.525,2025-11-27
8422,可寧衛,20.9,250.0,23.01,152.11999999999998,2025-11-27
8429,金麗-KY,7.4,11.0,7.604000000000001,7.5870000000000015,2025-11-27
8438,昶昕,25.15,37.85,28.3,29.45,2025-11-27
8442,威宏-KY,65.6,112.0,68.86,70.28,2025-11-27
8443,阿瘦,10.25,12.2,11.129999999999999,11.5825,2025-11-27
8454,富邦媒,222.0,391.0,226.1,235.1,2025-11-27
8462,柏文,110.0,169.5,157.3,159.7,2025-11-27
8463,潤泰材,20.4,26.6,25.82,25.5125,2025-11-27
8464,億豐,294.5,499.5,374.8,398.025,2025-11-27
8466,美吉吉-KY,22.2,43.95,22.64,23.107499999999995,2025-11-27
8467,波力-KY,134.0,299.5,149.0,150.2,2025-11-27
8473,山林水,24.8,42.65,35.86,37.89750000000001,2025-11-27
8476,台境,17.85,28.05,18.01,18.330000000000005,2025-11-27
8481,政伸,40.5,51.7,40.690000000000005,41.2025,2025-11-27
8482,商億-KY,45.05,125.0,46.32000000000001,46.5,2025-11-27
8499,鼎炫-KY,121.5,327.5,241.4,258.75,2025-11-27
8926,台汽電,37.55,50.2,41.230000000000004,45.29750000000001,2025-11-27
8940,新天地,16.8,26.0,19.96,20.625000000000004,2025-11-27
8996,高力,171.0,662.0,496.0,557.675,2025-11-27
9103,美德醫療-DR,4.04,6.43,4.534,4.631500000000001,2025-11-27
9105,泰金寶-DR,4.86,8.01,5.854000000000001,6.069,2025-11-27
9136,巨騰-DR,5.8,8.2,7.0680000000000005,7.124499999999999,2025-11-27
9802,鈺齊-KY,90.9,152.5,109.9,104.155,2025-11-27
9904,寶成,26.9,38.85,29.82,29.385,2025-11-27
9905,大華,19.9,24.15,19.99,20.027499999999996,2025-11-27
9906,欣巴巴,44.1,119.0,46.02,45.65999999999999,2025-11-27
9907,統一實,15.15,21.0,18.23,18.619999999999997,2025-11-27
9908,大台北,29.9,31.9,30.089999999999996,30.02000000000001,2025-11-27
9910,豐泰,88.0,139.5,127.4,124.725,2025-11-27
9911,櫻花,82.5,92.5,83.73999999999998,84.5,2025-11-27
9912,偉聯,10.5,13.6,11.91,11.922499999999998,2025-11-27
9914,美利達,88.4,184.0,90.96,94.855,2025-11-27
9917,中保科,105.5,127.0,107.2,107.35,2025-11-27
9918,欣天然,38.05,42.2,39.71,39.6525,2025-11-27
9919,康那香,13.45,21.15,16.6,16.737499999999997,2025-11-27
9921,巨大,91.0,166.5,95.78,96.91999999999999,2025-11-27
9924,福興,41.4,54.5,52.82000000000001,52.46,2025-11-27
9925,新保,39.75,41.85,40.67999999999999,40.63000000000001,2025-11-27
9926,新海,48.4,52.7,49.7,49.602500000000006,2025-11-27
9927,泰銘,52.4,77.6,61.38000000000001,56.03000000000001,2025-11-27
9928,中視,14.7,18.8,17.75,17.764999999999997,2025-11-27
9930,中聯資源,63.8,81.3,72.02,70.76500000000001,2025-11-27
9931,欣高,33.25,36.05,33.839999999999996,33.675,2025-11-27
9933,中鼎,25.2,43.05,31.99,31.384999999999998,2025-11-27
9934,成霖,9.51,14.8,9.638,9.895499999999998,2025-11-27
9935,慶豐富,19.0,35.0,20.43,19.915000000000003,2025-11-27
9937,全國,56.2,67.9,57.02,57.129999999999995,2025-11-27
9938,百和,48.35,74.6,54.879999999999995,55.425,2025-11-27
9939,宏全,122.0,168.0,124.0,125.6,2025-11-27
9940,信義,21.4,30.4,21.95,22.5325,2025-11-27
9941,裕融,90.9,121.5,93.92,94.015,2025-11-27
9942,茂順,99.3,121.5,103.9,105.2,2025-11-27
9943,好樂迪,60.0,80.9,60.739999999999995,60.61,2025-11-27
9944,新麗,14.7,20.5,16.79,16.78,2025-11-27
9945,潤泰新,28.8,43.25,29.72,29.825000000000006,2025-11-27
9946,三發地產,16.3,26.0,16.68,16.822499999999998,2025-11-27
9955,佳龍,21.5,34.5,29.03,28.702500000000004,2025-11-27
9958,世紀鋼,130.5,245.0,138.0,144.7,2025-11-27
